{"cameraMode":{"drawMode":0,"name":"Shaded","section":"Shading Mode"},"sceneLighting":true,"audioPlay":false,"sceneViewState":{"m_AlwaysRefresh":false,"showFog":true,"showSkybox":true,"showFlares":true,"showImageEffects":true,"showParticleSystems":true,"showVisualEffectGraphs":true,"m_FxEnabled":true},"in2DMode":false,"pivot":{"x":1.5901620388031006,"y":0.7070508599281311,"z":-0.06276873499155045},"rotation":{"x":0.28864574432373049,"y":-0.3554936349391937,"z":0.11642739921808243,"w":0.8813349604606628},"size":9.049095153808594,"orthographic":true}